Error Type,Topic Guid,Message
Warning,02128c70-9d27-4388-9374-a11bce68fdb8,Video is found in md file:02128c70-9d27-4388-9374-a11bce68fdb8.md total found:1
Warning,0572894d-c437-4b7d-8ac6-8405496e2145,Video is found in md file:0572894d-c437-4b7d-8ac6-8405496e2145.md total found:1
Warning,0572894d-c437-4b7d-8ac6-8405496e2145,Found invalid msdn links in md file:0572894d-c437-4b7d-8ac6-8405496e2145.md
Warning,0572894d-c437-4b7d-8ac6-8405496e2145,Found < > tag Bug 1235997:Support Request: MD conversion issue: not escaped tags causing missing content line:<a href="http://msdn2.microsoft.com/RU-RU/library/6sh2ey19" target="_blank">List&lt;T&gt;</a> in md file:0572894d-c437-4b7d-8ac6-8405496e2145.md total found:0
Warning,0572894d-c437-4b7d-8ac6-8405496e2145,Missing tables headers in file:0572894d-c437-4b7d-8ac6-8405496e2145.md
Warning,0572894d-c437-4b7d-8ac6-8405496e2145,Fixing missing end table tag in file:0572894d-c437-4b7d-8ac6-8405496e2145.md
Warning,0572894d-c437-4b7d-8ac6-8405496e2145,Found invalid tables saving file:0572894d-c437-4b7d-8ac6-8405496e2145.md
Warning,06e5737d-7843-4c1e-9e3d-a7b3ba67c3f5,Found invalid msdn links in md file:06e5737d-7843-4c1e-9e3d-a7b3ba67c3f5.md
Warning,06e5737d-7843-4c1e-9e3d-a7b3ba67c3f5,Missing tables headers in file:06e5737d-7843-4c1e-9e3d-a7b3ba67c3f5.md
Warning,06e5737d-7843-4c1e-9e3d-a7b3ba67c3f5,Fixing missing end table tag in file:06e5737d-7843-4c1e-9e3d-a7b3ba67c3f5.md
Warning,06e5737d-7843-4c1e-9e3d-a7b3ba67c3f5,Found invalid tables saving file:06e5737d-7843-4c1e-9e3d-a7b3ba67c3f5.md
Warning,0942fdce-3227-496a-8873-399fc1dbb72c,Found < > tag Bug 1235997:Support Request: MD conversion issue: not escaped tags causing missing content line:<p>Приложение Silverlight- размещенное в веб-части (или внутри тегов &lt;object&gt;) на веб-странице надстройки. </p> in md file:0942fdce-3227-496a-8873-399fc1dbb72c.md total found:0
Warning,0fa088c5-54c6-482c-84ed-51c4f77c4127,Found invalid msdn links in md file:0fa088c5-54c6-482c-84ed-51c4f77c4127.md
Warning,135bf6be-b118-4d2c-8d40-27f5060b06f3,Video is found in md file:135bf6be-b118-4d2c-8d40-27f5060b06f3.md total found:1
Warning,135bf6be-b118-4d2c-8d40-27f5060b06f3,Found a an ul list inside a table in html file:135bf6be-b118-4d2c-8d40-27f5060b06f3.xml
Warning,135bf6be-b118-4d2c-8d40-27f5060b06f3,Found < > tag Bug 1235997:Support Request: MD conversion issue: not escaped tags causing missing content line:<i>&lt;full_token_issuer_name&gt;</i> in md file:135bf6be-b118-4d2c-8d40-27f5060b06f3.md total found:0
Warning,135bf6be-b118-4d2c-8d40-27f5060b06f3,Found < > tag Bug 1235997:Support Request: MD conversion issue: not escaped tags causing missing content line:<i>&lt;client_ID_of_SP_app&gt;</i> in md file:135bf6be-b118-4d2c-8d40-27f5060b06f3.md total found:0
Warning,135bf6be-b118-4d2c-8d40-27f5060b06f3,Found < > tag Bug 1235997:Support Request: MD conversion issue: not escaped tags causing missing content line:<i>&lt;realm_GUID&gt;</i> in md file:135bf6be-b118-4d2c-8d40-27f5060b06f3.md total found:0
Warning,16913e6d-4fc6-4c5e-84a4-6c2688703798,Found nested table in md file:16913e6d-4fc6-4c5e-84a4-6c2688703798.md
Warning,16913e6d-4fc6-4c5e-84a4-6c2688703798,Fixing missing end table tag in file:16913e6d-4fc6-4c5e-84a4-6c2688703798.md
Warning,16913e6d-4fc6-4c5e-84a4-6c2688703798,Fixing missing end table tag in file:16913e6d-4fc6-4c5e-84a4-6c2688703798.md
Warning,16913e6d-4fc6-4c5e-84a4-6c2688703798,Found invalid tables saving file:16913e6d-4fc6-4c5e-84a4-6c2688703798.md
Warning,1b992485-6efe-4ea4-a18c-221689b0b66f,Found herf tag with an image in file:1b992485-6efe-4ea4-a18c-221689b0b66f.md total found:3
Warning,1b992485-6efe-4ea4-a18c-221689b0b66f,Found a an ul list inside a table in html file:1b992485-6efe-4ea4-a18c-221689b0b66f.xml
Warning,29089af8-dbc0-49b7-a1a0-9e311f49c826,Found < > tag Bug 1235997:Support Request: MD conversion issue: not escaped tags causing missing content line:<p>В этой статье описано- каким образом следует выполнять базовые операции с помощью объектной модели JavaScript. Вы можете добавить ссылку на объектную модель- используя HTML-теги &lt;script&gt;. Дополнительные сведения об использовании других клиентских API-интерфейсов см. в разделе</p> in md file:29089af8-dbc0-49b7-a1a0-9e311f49c826.md total found:0
Warning,29089af8-dbc0-49b7-a1a0-9e311f49c826,Found < > tag Bug 1235997:Support Request: MD conversion issue: not escaped tags causing missing content line:<p>При создании надстройки с размещением в SharePoint можно добавить ссылку на объектную модель с помощью HTML-тегов &lt;script&gt;. Сайт надстройки для SharePoint позволяет использовать относительные пути для ссылок на нужные файлы- используемые в объектной модели JavaScript.</p> in md file:29089af8-dbc0-49b7-a1a0-9e311f49c826.md total found:0
Warning,2c3d2545-1cd7-497e-b535-12199d8edfbb,Found a an dl list inside a table in html file:2c3d2545-1cd7-497e-b535-12199d8edfbb.xml
Error,2c3d2545-1cd7-497e-b535-12199d8edfbb,Checking for list in tables in file:2c3d2545-1cd7-497e-b535-12199d8edfbb.xml message:System.Collections.ArrayList
Warning,2c3d2545-1cd7-497e-b535-12199d8edfbb,Missing tables headers in file:2c3d2545-1cd7-497e-b535-12199d8edfbb.md
Warning,2c3d2545-1cd7-497e-b535-12199d8edfbb,Fixing missing end table tag in file:2c3d2545-1cd7-497e-b535-12199d8edfbb.md
Warning,2c3d2545-1cd7-497e-b535-12199d8edfbb,Fixing missing end table tag in file:2c3d2545-1cd7-497e-b535-12199d8edfbb.md
Warning,2c3d2545-1cd7-497e-b535-12199d8edfbb,Fixing missing end table tag in file:2c3d2545-1cd7-497e-b535-12199d8edfbb.md
Warning,2c3d2545-1cd7-497e-b535-12199d8edfbb,Fixing missing end table tag in file:2c3d2545-1cd7-497e-b535-12199d8edfbb.md
Warning,2c3d2545-1cd7-497e-b535-12199d8edfbb,Fixing missing end table tag in file:2c3d2545-1cd7-497e-b535-12199d8edfbb.md
Warning,2c3d2545-1cd7-497e-b535-12199d8edfbb,Fixing missing end table tag in file:2c3d2545-1cd7-497e-b535-12199d8edfbb.md
Warning,2c3d2545-1cd7-497e-b535-12199d8edfbb,Fixing missing end table tag in file:2c3d2545-1cd7-497e-b535-12199d8edfbb.md
Warning,2c3d2545-1cd7-497e-b535-12199d8edfbb,Fixing missing end table tag in file:2c3d2545-1cd7-497e-b535-12199d8edfbb.md
Warning,2c3d2545-1cd7-497e-b535-12199d8edfbb,Fixing missing end table tag in file:2c3d2545-1cd7-497e-b535-12199d8edfbb.md
Warning,2c3d2545-1cd7-497e-b535-12199d8edfbb,Fixing missing end table tag in file:2c3d2545-1cd7-497e-b535-12199d8edfbb.md
Warning,2c3d2545-1cd7-497e-b535-12199d8edfbb,Fixing missing end table tag in file:2c3d2545-1cd7-497e-b535-12199d8edfbb.md
Warning,2c3d2545-1cd7-497e-b535-12199d8edfbb,Fixing missing end table tag in file:2c3d2545-1cd7-497e-b535-12199d8edfbb.md
Warning,2c3d2545-1cd7-497e-b535-12199d8edfbb,Found invalid tables saving file:2c3d2545-1cd7-497e-b535-12199d8edfbb.md
Warning,2de035a0-ac75-43bd-9665-5c5a59c4c590,Found a an ul list inside a table in html file:2de035a0-ac75-43bd-9665-5c5a59c4c590.xml
Warning,2de035a0-ac75-43bd-9665-5c5a59c4c590,Missing tables headers in file:2de035a0-ac75-43bd-9665-5c5a59c4c590.md
Warning,2de035a0-ac75-43bd-9665-5c5a59c4c590,Found nested table in md file:2de035a0-ac75-43bd-9665-5c5a59c4c590.md
Warning,2ec857d5-dc6f-4cf6-ba45-adc845ef2a25,Missing tables headers in file:2ec857d5-dc6f-4cf6-ba45-adc845ef2a25.md
Warning,2f65ba3f-b246-4064-b4fb-ad18399d387a,Found nested table in md file:2f65ba3f-b246-4064-b4fb-ad18399d387a.md
Warning,2f65ba3f-b246-4064-b4fb-ad18399d387a,Fixing missing end table tag in file:2f65ba3f-b246-4064-b4fb-ad18399d387a.md
Warning,2f65ba3f-b246-4064-b4fb-ad18399d387a,Found invalid tables saving file:2f65ba3f-b246-4064-b4fb-ad18399d387a.md
Warning,3038dd73-41ee-436f-8c78-ef8e6869bf7b,Found herf tag with an image in file:3038dd73-41ee-436f-8c78-ef8e6869bf7b.md total found:3
Warning,3038dd73-41ee-436f-8c78-ef8e6869bf7b,Found invalid msdn links in md file:3038dd73-41ee-436f-8c78-ef8e6869bf7b.md
Warning,3038dd73-41ee-436f-8c78-ef8e6869bf7b,Found a an ul list inside a table in html file:3038dd73-41ee-436f-8c78-ef8e6869bf7b.xml
Warning,346f56cd-2523-4407-bf41-887e40aee1c3,Missing tables headers in file:346f56cd-2523-4407-bf41-887e40aee1c3.md
Warning,346f56cd-2523-4407-bf41-887e40aee1c3,Fixing missing end table tag in file:346f56cd-2523-4407-bf41-887e40aee1c3.md
Warning,346f56cd-2523-4407-bf41-887e40aee1c3,Found invalid tables saving file:346f56cd-2523-4407-bf41-887e40aee1c3.md
Warning,3b47c97b-9e09-47b2-a65f-29b0f44e34bf,Found a an ul list inside a table in html file:3b47c97b-9e09-47b2-a65f-29b0f44e34bf.xml
Warning,3dba209d-cb98-4e5d-b4b2-fad31e667ca1,Found a an ul list inside a table in html file:3dba209d-cb98-4e5d-b4b2-fad31e667ca1.xml
Warning,3eb5c797-c395-4661-88ca-f7800306d781,Found invalid msdn links in md file:3eb5c797-c395-4661-88ca-f7800306d781.md
Warning,4534e0f5-61ef-4145-a63b-a9fa70f51391,Found a an ul list inside a table in html file:4534e0f5-61ef-4145-a63b-a9fa70f51391.xml
Warning,4d75d113-8dc8-4026-a297-c47b6d4d7008,Found a an ol list inside a table in html file:4d75d113-8dc8-4026-a297-c47b6d4d7008.xml
Warning,580c0fee-e348-4ae0-b6ef-009aef09b753,Found a an ul list inside a table in html file:580c0fee-e348-4ae0-b6ef-009aef09b753.xml
Warning,580c0fee-e348-4ae0-b6ef-009aef09b753,Missing tables headers in file:580c0fee-e348-4ae0-b6ef-009aef09b753.md
Warning,580c0fee-e348-4ae0-b6ef-009aef09b753,Fixing missing end table tag in file:580c0fee-e348-4ae0-b6ef-009aef09b753.md
Warning,580c0fee-e348-4ae0-b6ef-009aef09b753,Fixing missing end table tag in file:580c0fee-e348-4ae0-b6ef-009aef09b753.md
Warning,580c0fee-e348-4ae0-b6ef-009aef09b753,Fixing missing end table tag in file:580c0fee-e348-4ae0-b6ef-009aef09b753.md
Warning,580c0fee-e348-4ae0-b6ef-009aef09b753,Fixing missing end table tag in file:580c0fee-e348-4ae0-b6ef-009aef09b753.md
Warning,580c0fee-e348-4ae0-b6ef-009aef09b753,Fixing missing end table tag in file:580c0fee-e348-4ae0-b6ef-009aef09b753.md
Warning,580c0fee-e348-4ae0-b6ef-009aef09b753,Found invalid tables saving file:580c0fee-e348-4ae0-b6ef-009aef09b753.md
Warning,58932389-0100-47ee-9d33-1b4321d3f462,Found a an ol list inside a table in html file:58932389-0100-47ee-9d33-1b4321d3f462.xml
Warning,5a69c9e3-73bf-4ed5-bc19-182056bdb394,Found invalid msdn links in md file:5a69c9e3-73bf-4ed5-bc19-182056bdb394.md
Warning,5f7a8440-3c09-4cf8-83ec-c236bfa2d6c4,Video is found in md file:5f7a8440-3c09-4cf8-83ec-c236bfa2d6c4.md total found:1
Warning,5f7a8440-3c09-4cf8-83ec-c236bfa2d6c4,Missing tables headers in file:5f7a8440-3c09-4cf8-83ec-c236bfa2d6c4.md
Warning,5f7a8440-3c09-4cf8-83ec-c236bfa2d6c4,Found nested table in md file:5f7a8440-3c09-4cf8-83ec-c236bfa2d6c4.md
Warning,5f7a8440-3c09-4cf8-83ec-c236bfa2d6c4,Fixing missing end table tag in file:5f7a8440-3c09-4cf8-83ec-c236bfa2d6c4.md
Warning,5f7a8440-3c09-4cf8-83ec-c236bfa2d6c4,Found invalid tables saving file:5f7a8440-3c09-4cf8-83ec-c236bfa2d6c4.md
Warning,649c06b9-3612-439a-acb3-041e5f5f01f3,Found a an ol list inside a table in html file:649c06b9-3612-439a-acb3-041e5f5f01f3.xml
Warning,6790bfdf-ae94-4115-8abd-df0087c0236f,Found a an ul list inside a table in html file:6790bfdf-ae94-4115-8abd-df0087c0236f.xml
Warning,6ce01956-6bda-45bf-9b4a-cffc0687a913,Found a an ul list inside a table in html file:6ce01956-6bda-45bf-9b4a-cffc0687a913.xml
Warning,6ce01956-6bda-45bf-9b4a-cffc0687a913,Fixing missing end table tag in file:6ce01956-6bda-45bf-9b4a-cffc0687a913.md
Warning,6ce01956-6bda-45bf-9b4a-cffc0687a913,Fixing missing end table tag in file:6ce01956-6bda-45bf-9b4a-cffc0687a913.md
Warning,6ce01956-6bda-45bf-9b4a-cffc0687a913,Fixing missing end table tag in file:6ce01956-6bda-45bf-9b4a-cffc0687a913.md
Warning,6ce01956-6bda-45bf-9b4a-cffc0687a913,Fixing missing end table tag in file:6ce01956-6bda-45bf-9b4a-cffc0687a913.md
Warning,6ce01956-6bda-45bf-9b4a-cffc0687a913,Fixing missing end table tag in file:6ce01956-6bda-45bf-9b4a-cffc0687a913.md
Warning,6ce01956-6bda-45bf-9b4a-cffc0687a913,Found invalid tables saving file:6ce01956-6bda-45bf-9b4a-cffc0687a913.md
Warning,6cefbe6a-f8ba-4a9c-addd-419fc4f9e550,Found a an ul list inside a table in html file:6cefbe6a-f8ba-4a9c-addd-419fc4f9e550.xml
Warning,6da6ac25-53b7-4dd2-8637-a86e7ca1f3ff,Found a an ul list inside a table in html file:6da6ac25-53b7-4dd2-8637-a86e7ca1f3ff.xml
Warning,7f85a4ec-594d-4eee-9c1a-7a5ad232e088,Found invalid msdn links in md file:7f85a4ec-594d-4eee-9c1a-7a5ad232e088.md
Warning,7f85a4ec-594d-4eee-9c1a-7a5ad232e088,Found nested table in md file:7f85a4ec-594d-4eee-9c1a-7a5ad232e088.md
Warning,800ec8cd-a448-46bc-b41e-d4030eeb4048,Found invalid msdn links in md file:800ec8cd-a448-46bc-b41e-d4030eeb4048.md
Warning,91a20d79-318f-44ce-9877-3fa07d03aa09,Found < > tag Bug 1235997:Support Request: MD conversion issue: not escaped tags causing missing content line:<p>Откроется настраиваемая страница- а две строки между тегами &lt;p&gt; будут выделены зеленым цветом.</p> in md file:91a20d79-318f-44ce-9877-3fa07d03aa09.md total found:0
Warning,9d7805e5-5ea8-4309-ba6a-d629281535af,Found invalid msdn links in md file:9d7805e5-5ea8-4309-ba6a-d629281535af.md
Warning,a1ddb750-e4e2-40a8-90a9-d62c576648dd,Found a an dl list inside a table in html file:a1ddb750-e4e2-40a8-90a9-d62c576648dd.xml
Error,a1ddb750-e4e2-40a8-90a9-d62c576648dd,Checking for list in tables in file:a1ddb750-e4e2-40a8-90a9-d62c576648dd.xml message:System.Collections.ArrayList
Warning,a1ddb750-e4e2-40a8-90a9-d62c576648dd,Found < > tag Bug 1235997:Support Request: MD conversion issue: not escaped tags causing missing content line:<p>Получает или задает отображаемый заголовок списка. Длина должна быть &lt;= 255 символов. </p> in md file:a1ddb750-e4e2-40a8-90a9-d62c576648dd.md total found:0
Warning,a1ddb750-e4e2-40a8-90a9-d62c576648dd,Found < > tag Bug 1235997:Support Request: MD conversion issue: not escaped tags causing missing content line:<p>Получает или задает значение- задающее условия проверки данных элемента списка. Длина должна быть &lt;= 1023 символов. </p> in md file:a1ddb750-e4e2-40a8-90a9-d62c576648dd.md total found:0
Warning,a1ddb750-e4e2-40a8-90a9-d62c576648dd,Found < > tag Bug 1235997:Support Request: MD conversion issue: not escaped tags causing missing content line:<p>Получает или задает значение- которое указывает сообщение об ошибке- возвращаемое при сбое проверки данных в элементе списка. Длина должна быть &lt;= 1023 символов. </p> in md file:a1ddb750-e4e2-40a8-90a9-d62c576648dd.md total found:0
Warning,a1ddb750-e4e2-40a8-90a9-d62c576648dd,Missing tables headers in file:a1ddb750-e4e2-40a8-90a9-d62c576648dd.md
Warning,a1ddb750-e4e2-40a8-90a9-d62c576648dd,Fixing missing end table tag in file:a1ddb750-e4e2-40a8-90a9-d62c576648dd.md
Warning,a1ddb750-e4e2-40a8-90a9-d62c576648dd,Fixing missing end table tag in file:a1ddb750-e4e2-40a8-90a9-d62c576648dd.md
Warning,a1ddb750-e4e2-40a8-90a9-d62c576648dd,Fixing missing end table tag in file:a1ddb750-e4e2-40a8-90a9-d62c576648dd.md
Warning,a1ddb750-e4e2-40a8-90a9-d62c576648dd,Fixing missing end table tag in file:a1ddb750-e4e2-40a8-90a9-d62c576648dd.md
Warning,a1ddb750-e4e2-40a8-90a9-d62c576648dd,Fixing missing end table tag in file:a1ddb750-e4e2-40a8-90a9-d62c576648dd.md
Warning,a1ddb750-e4e2-40a8-90a9-d62c576648dd,Fixing missing end table tag in file:a1ddb750-e4e2-40a8-90a9-d62c576648dd.md
Warning,a1ddb750-e4e2-40a8-90a9-d62c576648dd,Fixing missing end table tag in file:a1ddb750-e4e2-40a8-90a9-d62c576648dd.md
Warning,a1ddb750-e4e2-40a8-90a9-d62c576648dd,Fixing missing end table tag in file:a1ddb750-e4e2-40a8-90a9-d62c576648dd.md
Warning,a1ddb750-e4e2-40a8-90a9-d62c576648dd,Fixing missing end table tag in file:a1ddb750-e4e2-40a8-90a9-d62c576648dd.md
Warning,a1ddb750-e4e2-40a8-90a9-d62c576648dd,Fixing missing end table tag in file:a1ddb750-e4e2-40a8-90a9-d62c576648dd.md
Warning,a1ddb750-e4e2-40a8-90a9-d62c576648dd,Fixing missing end table tag in file:a1ddb750-e4e2-40a8-90a9-d62c576648dd.md
Warning,a1ddb750-e4e2-40a8-90a9-d62c576648dd,Fixing missing end table tag in file:a1ddb750-e4e2-40a8-90a9-d62c576648dd.md
Warning,a1ddb750-e4e2-40a8-90a9-d62c576648dd,Fixing missing end table tag in file:a1ddb750-e4e2-40a8-90a9-d62c576648dd.md
Warning,a1ddb750-e4e2-40a8-90a9-d62c576648dd,Fixing missing end table tag in file:a1ddb750-e4e2-40a8-90a9-d62c576648dd.md
Warning,a1ddb750-e4e2-40a8-90a9-d62c576648dd,Fixing missing end table tag in file:a1ddb750-e4e2-40a8-90a9-d62c576648dd.md
Warning,a1ddb750-e4e2-40a8-90a9-d62c576648dd,Fixing missing end table tag in file:a1ddb750-e4e2-40a8-90a9-d62c576648dd.md
Warning,a1ddb750-e4e2-40a8-90a9-d62c576648dd,Fixing missing end table tag in file:a1ddb750-e4e2-40a8-90a9-d62c576648dd.md
Warning,a1ddb750-e4e2-40a8-90a9-d62c576648dd,Fixing missing end table tag in file:a1ddb750-e4e2-40a8-90a9-d62c576648dd.md
Warning,a1ddb750-e4e2-40a8-90a9-d62c576648dd,Fixing missing end table tag in file:a1ddb750-e4e2-40a8-90a9-d62c576648dd.md
Warning,a1ddb750-e4e2-40a8-90a9-d62c576648dd,Fixing missing end table tag in file:a1ddb750-e4e2-40a8-90a9-d62c576648dd.md
Warning,a1ddb750-e4e2-40a8-90a9-d62c576648dd,Fixing missing end table tag in file:a1ddb750-e4e2-40a8-90a9-d62c576648dd.md
Warning,a1ddb750-e4e2-40a8-90a9-d62c576648dd,Fixing missing end table tag in file:a1ddb750-e4e2-40a8-90a9-d62c576648dd.md
Warning,a1ddb750-e4e2-40a8-90a9-d62c576648dd,Fixing missing end table tag in file:a1ddb750-e4e2-40a8-90a9-d62c576648dd.md
Warning,a1ddb750-e4e2-40a8-90a9-d62c576648dd,Fixing missing end table tag in file:a1ddb750-e4e2-40a8-90a9-d62c576648dd.md
Warning,a1ddb750-e4e2-40a8-90a9-d62c576648dd,Fixing missing end table tag in file:a1ddb750-e4e2-40a8-90a9-d62c576648dd.md
Warning,a1ddb750-e4e2-40a8-90a9-d62c576648dd,Fixing missing end table tag in file:a1ddb750-e4e2-40a8-90a9-d62c576648dd.md
Warning,a1ddb750-e4e2-40a8-90a9-d62c576648dd,Fixing missing end table tag in file:a1ddb750-e4e2-40a8-90a9-d62c576648dd.md
Warning,a1ddb750-e4e2-40a8-90a9-d62c576648dd,Fixing missing end table tag in file:a1ddb750-e4e2-40a8-90a9-d62c576648dd.md
Warning,a1ddb750-e4e2-40a8-90a9-d62c576648dd,Fixing missing end table tag in file:a1ddb750-e4e2-40a8-90a9-d62c576648dd.md
Warning,a1ddb750-e4e2-40a8-90a9-d62c576648dd,Fixing missing end table tag in file:a1ddb750-e4e2-40a8-90a9-d62c576648dd.md
Warning,a1ddb750-e4e2-40a8-90a9-d62c576648dd,Fixing missing end table tag in file:a1ddb750-e4e2-40a8-90a9-d62c576648dd.md
Warning,a1ddb750-e4e2-40a8-90a9-d62c576648dd,Fixing missing end table tag in file:a1ddb750-e4e2-40a8-90a9-d62c576648dd.md
Warning,a1ddb750-e4e2-40a8-90a9-d62c576648dd,Fixing missing end table tag in file:a1ddb750-e4e2-40a8-90a9-d62c576648dd.md
Warning,a1ddb750-e4e2-40a8-90a9-d62c576648dd,Fixing missing end table tag in file:a1ddb750-e4e2-40a8-90a9-d62c576648dd.md
Warning,a1ddb750-e4e2-40a8-90a9-d62c576648dd,Found invalid tables saving file:a1ddb750-e4e2-40a8-90a9-d62c576648dd.md
Warning,a2664289-6c56-4cb1-987a-22367fad55eb,Found a an ul list inside a table in html file:a2664289-6c56-4cb1-987a-22367fad55eb.xml
Warning,a4a8f53c-27d7-43dc-b6db-aa7b1f1c7d45,Video is found in md file:a4a8f53c-27d7-43dc-b6db-aa7b1f1c7d45.md total found:1
Warning,a4a8f53c-27d7-43dc-b6db-aa7b1f1c7d45,Found < > tag Bug 1235997:Support Request: MD conversion issue: not escaped tags causing missing content line:<p>Для ссылки на файл CSS можно использовать элемент &lt;link&gt;- построив URL-адрес из URL-адреса хост-сайта- как показано в следующем примере.</p> in md file:a4a8f53c-27d7-43dc-b6db-aa7b1f1c7d45.md total found:0
Warning,a4a8f53c-27d7-43dc-b6db-aa7b1f1c7d45,Found < > tag Bug 1235997:Support Request: MD conversion issue: not escaped tags causing missing content line:<p>Для указания наследования используется &lt;a&gt;. </p> in md file:a4a8f53c-27d7-43dc-b6db-aa7b1f1c7d45.md total found:0
Warning,b22ce52a-ae9e-4831-9b68-c9210af6dc54,Found a an ul list inside a table in html file:b22ce52a-ae9e-4831-9b68-c9210af6dc54.xml
Warning,b33a61d7-5bc9-4720-97a5-8475d9a0d7c5,Found < > tag Bug 1235997:Support Request: MD conversion issue: not escaped tags causing missing content line:<p>&lt;создать&gt;</p> in md file:b33a61d7-5bc9-4720-97a5-8475d9a0d7c5.md total found:0
Warning,b33a61d7-5bc9-4720-97a5-8475d9a0d7c5,Found < > tag Bug 1235997:Support Request: MD conversion issue: not escaped tags causing missing content line:<p>&lt;создать&gt;</p> in md file:b33a61d7-5bc9-4720-97a5-8475d9a0d7c5.md total found:0
Warning,b437181d-bc70-4838-b43d-9f1bb744f0cb,Found < > tag Bug 1235997:Support Request: MD conversion issue: not escaped tags causing missing content line:<i>&lt;мой_домен&gt;</i> in md file:b437181d-bc70-4838-b43d-9f1bb744f0cb.md total found:0
Warning,b437181d-bc70-4838-b43d-9f1bb744f0cb,Found < > tag Bug 1235997:Support Request: MD conversion issue: not escaped tags causing missing content line:<i>&lt;GUID_области&gt;</i> in md file:b437181d-bc70-4838-b43d-9f1bb744f0cb.md total found:0
Warning,b437181d-bc70-4838-b43d-9f1bb744f0cb,Found < > tag Bug 1235997:Support Request: MD conversion issue: not escaped tags causing missing content line:<i>&lt;SharePointDomain&gt;</i> in md file:b437181d-bc70-4838-b43d-9f1bb744f0cb.md total found:0
Warning,b437181d-bc70-4838-b43d-9f1bb744f0cb,Found < > tag Bug 1235997:Support Request: MD conversion issue: not escaped tags causing missing content line:<i>&lt;app_client_GUID&gt;</i> in md file:b437181d-bc70-4838-b43d-9f1bb744f0cb.md total found:0
Warning,b96f887d-d892-4b1d-b832-a3f61228c5cf,Found a an ol list inside a table in html file:b96f887d-d892-4b1d-b832-a3f61228c5cf.xml
Warning,b96f887d-d892-4b1d-b832-a3f61228c5cf,Found < > tag Bug 1235997:Support Request: MD conversion issue: not escaped tags causing missing content line:<p>SellerDashboard.Server содержит файлы SharePointContext.cs и TokenHelper.cs- которые используются для получения контекста клиента только для надстройки для узла SharePoint. Набор Visual Studio автоматически добавляет эти файлы в проект SharePoint и присваивает ему имя &lt;<i>имя_вашего_проекта</i> &gt;Web (например- SharePointAppWeb). Затем можно скопировать эти файлы в код источника надстройки SellerDashboard и включить их в свой проект.</p> in md file:b96f887d-d892-4b1d-b832-a3f61228c5cf.md total found:0
Warning,b96f887d-d892-4b1d-b832-a3f61228c5cf,Found < > tag Bug 1235997:Support Request: MD conversion issue: not escaped tags causing missing content line:<p>Измените значение Ida:TenantId на &lt;<i>ваш_домен</i> &gt;.onmicrosoft.com. </p> in md file:b96f887d-d892-4b1d-b832-a3f61228c5cf.md total found:0
Warning,b96f887d-d892-4b1d-b832-a3f61228c5cf,Found < > tag Bug 1235997:Support Request: MD conversion issue: not escaped tags causing missing content line:<p>Например- если учетная запись вашей организации proverka@&lt;<i>ваш_домен</i> &gt;.onmicrosoft.com- то вам нужно значение &lt;<i>ваш_домен</i> &gt;.onmicrosoft.com.
</p> in md file:b96f887d-d892-4b1d-b832-a3f61228c5cf.md total found:0
Warning,bc37ff5c-1285-40af-98ae-01286696242d,Found nested table in md file:bc37ff5c-1285-40af-98ae-01286696242d.md
Warning,bc37ff5c-1285-40af-98ae-01286696242d,Fixing missing end table tag in file:bc37ff5c-1285-40af-98ae-01286696242d.md
Warning,bc37ff5c-1285-40af-98ae-01286696242d,Found invalid tables saving file:bc37ff5c-1285-40af-98ae-01286696242d.md
Warning,bde5647a-fff1-4b51-b67b-2139de79ce4a,Video is found in md file:bde5647a-fff1-4b51-b67b-2139de79ce4a.md total found:1
Warning,be41a5dc-2af9-4fd9-bf4e-ad6dfa849524,Found < > tag Bug 1235997:Support Request: MD conversion issue: not escaped tags causing missing content line:<i>&lt;веб-сайт_SharePoint&gt;</i> in md file:be41a5dc-2af9-4fd9-bf4e-ad6dfa849524.md total found:0
Warning,be41a5dc-2af9-4fd9-bf4e-ad6dfa849524,Found < > tag Bug 1235997:Support Request: MD conversion issue: not escaped tags causing missing content line:<i>&lt;веб-сайт_SharePoint&gt;</i> in md file:be41a5dc-2af9-4fd9-bf4e-ad6dfa849524.md total found:0
Warning,be41a5dc-2af9-4fd9-bf4e-ad6dfa849524,Found < > tag Bug 1235997:Support Request: MD conversion issue: not escaped tags causing missing content line:<i>&lt;веб-сайт_SharePoint&gt;</i> in md file:be41a5dc-2af9-4fd9-bf4e-ad6dfa849524.md total found:0
Warning,be41a5dc-2af9-4fd9-bf4e-ad6dfa849524,Found nested table in md file:be41a5dc-2af9-4fd9-bf4e-ad6dfa849524.md
Warning,be41a5dc-2af9-4fd9-bf4e-ad6dfa849524,Fixing missing end table tag in file:be41a5dc-2af9-4fd9-bf4e-ad6dfa849524.md
Warning,be41a5dc-2af9-4fd9-bf4e-ad6dfa849524,Found invalid tables saving file:be41a5dc-2af9-4fd9-bf4e-ad6dfa849524.md
Warning,bfa367bb-d2f5-4e3f-bf48-61b77f150f7d,Found nested table in md file:bfa367bb-d2f5-4e3f-bf48-61b77f150f7d.md
Warning,bfa367bb-d2f5-4e3f-bf48-61b77f150f7d,Fixing missing end table tag in file:bfa367bb-d2f5-4e3f-bf48-61b77f150f7d.md
Warning,bfa367bb-d2f5-4e3f-bf48-61b77f150f7d,Fixing missing end table tag in file:bfa367bb-d2f5-4e3f-bf48-61b77f150f7d.md
Warning,bfa367bb-d2f5-4e3f-bf48-61b77f150f7d,Found invalid tables saving file:bfa367bb-d2f5-4e3f-bf48-61b77f150f7d.md
Warning,c050d056-8548-4496-a053-016779d723d9,Missing tables headers in file:c050d056-8548-4496-a053-016779d723d9.md
Warning,c050d056-8548-4496-a053-016779d723d9,Found nested table in md file:c050d056-8548-4496-a053-016779d723d9.md
Warning,c3d11afd-098e-4cf9-941e-cca6db28d732,Found a an ol list inside a table in html file:c3d11afd-098e-4cf9-941e-cca6db28d732.xml
Warning,c5e49290-78d4-4167-b4de-da32376bbf90,Found a an dl list inside a table in html file:c5e49290-78d4-4167-b4de-da32376bbf90.xml
Error,c5e49290-78d4-4167-b4de-da32376bbf90,Checking for list in tables in file:c5e49290-78d4-4167-b4de-da32376bbf90.xml message:System.Collections.ArrayList
Warning,c5e49290-78d4-4167-b4de-da32376bbf90,Missing tables headers in file:c5e49290-78d4-4167-b4de-da32376bbf90.md
Warning,c5e49290-78d4-4167-b4de-da32376bbf90,Fixing missing end table tag in file:c5e49290-78d4-4167-b4de-da32376bbf90.md
Warning,c5e49290-78d4-4167-b4de-da32376bbf90,Fixing missing end table tag in file:c5e49290-78d4-4167-b4de-da32376bbf90.md
Warning,c5e49290-78d4-4167-b4de-da32376bbf90,Fixing missing end table tag in file:c5e49290-78d4-4167-b4de-da32376bbf90.md
Warning,c5e49290-78d4-4167-b4de-da32376bbf90,Fixing missing end table tag in file:c5e49290-78d4-4167-b4de-da32376bbf90.md
Warning,c5e49290-78d4-4167-b4de-da32376bbf90,Fixing missing end table tag in file:c5e49290-78d4-4167-b4de-da32376bbf90.md
Warning,c5e49290-78d4-4167-b4de-da32376bbf90,Fixing missing end table tag in file:c5e49290-78d4-4167-b4de-da32376bbf90.md
Warning,c5e49290-78d4-4167-b4de-da32376bbf90,Fixing missing end table tag in file:c5e49290-78d4-4167-b4de-da32376bbf90.md
Warning,c5e49290-78d4-4167-b4de-da32376bbf90,Fixing missing end table tag in file:c5e49290-78d4-4167-b4de-da32376bbf90.md
Warning,c5e49290-78d4-4167-b4de-da32376bbf90,Fixing missing end table tag in file:c5e49290-78d4-4167-b4de-da32376bbf90.md
Warning,c5e49290-78d4-4167-b4de-da32376bbf90,Fixing missing end table tag in file:c5e49290-78d4-4167-b4de-da32376bbf90.md
Warning,c5e49290-78d4-4167-b4de-da32376bbf90,Fixing missing end table tag in file:c5e49290-78d4-4167-b4de-da32376bbf90.md
Warning,c5e49290-78d4-4167-b4de-da32376bbf90,Fixing missing end table tag in file:c5e49290-78d4-4167-b4de-da32376bbf90.md
Warning,c5e49290-78d4-4167-b4de-da32376bbf90,Fixing missing end table tag in file:c5e49290-78d4-4167-b4de-da32376bbf90.md
Warning,c5e49290-78d4-4167-b4de-da32376bbf90,Fixing missing end table tag in file:c5e49290-78d4-4167-b4de-da32376bbf90.md
Warning,c5e49290-78d4-4167-b4de-da32376bbf90,Fixing missing end table tag in file:c5e49290-78d4-4167-b4de-da32376bbf90.md
Warning,c5e49290-78d4-4167-b4de-da32376bbf90,Fixing missing end table tag in file:c5e49290-78d4-4167-b4de-da32376bbf90.md
Warning,c5e49290-78d4-4167-b4de-da32376bbf90,Fixing missing end table tag in file:c5e49290-78d4-4167-b4de-da32376bbf90.md
Warning,c5e49290-78d4-4167-b4de-da32376bbf90,Fixing missing end table tag in file:c5e49290-78d4-4167-b4de-da32376bbf90.md
Warning,c5e49290-78d4-4167-b4de-da32376bbf90,Fixing missing end table tag in file:c5e49290-78d4-4167-b4de-da32376bbf90.md
Warning,c5e49290-78d4-4167-b4de-da32376bbf90,Fixing missing end table tag in file:c5e49290-78d4-4167-b4de-da32376bbf90.md
Warning,c5e49290-78d4-4167-b4de-da32376bbf90,Fixing missing end table tag in file:c5e49290-78d4-4167-b4de-da32376bbf90.md
Warning,c5e49290-78d4-4167-b4de-da32376bbf90,Fixing missing end table tag in file:c5e49290-78d4-4167-b4de-da32376bbf90.md
Warning,c5e49290-78d4-4167-b4de-da32376bbf90,Fixing missing end table tag in file:c5e49290-78d4-4167-b4de-da32376bbf90.md
Warning,c5e49290-78d4-4167-b4de-da32376bbf90,Fixing missing end table tag in file:c5e49290-78d4-4167-b4de-da32376bbf90.md
Warning,c5e49290-78d4-4167-b4de-da32376bbf90,Fixing missing end table tag in file:c5e49290-78d4-4167-b4de-da32376bbf90.md
Warning,c5e49290-78d4-4167-b4de-da32376bbf90,Fixing missing end table tag in file:c5e49290-78d4-4167-b4de-da32376bbf90.md
Warning,c5e49290-78d4-4167-b4de-da32376bbf90,Found invalid tables saving file:c5e49290-78d4-4167-b4de-da32376bbf90.md
Warning,caaf9a09-2e6a-49e3-a8d6-aaf7f93a842a,Found herf tag with an image in file:caaf9a09-2e6a-49e3-a8d6-aaf7f93a842a.md total found:12
Warning,caaf9a09-2e6a-49e3-a8d6-aaf7f93a842a,Missing tables headers in file:caaf9a09-2e6a-49e3-a8d6-aaf7f93a842a.md
Warning,caaf9a09-2e6a-49e3-a8d6-aaf7f93a842a,Fixing missing end table tag in file:caaf9a09-2e6a-49e3-a8d6-aaf7f93a842a.md
Warning,caaf9a09-2e6a-49e3-a8d6-aaf7f93a842a,Found invalid tables saving file:caaf9a09-2e6a-49e3-a8d6-aaf7f93a842a.md
Warning,cb3264d4-41a6-498f-a408-75b077566051,Found a an ul list inside a table in html file:cb3264d4-41a6-498f-a408-75b077566051.xml
Warning,cd1eda9e-8e54-4223-93a9-a6ea0d18df70,Missing tables headers in file:cd1eda9e-8e54-4223-93a9-a6ea0d18df70.md
Warning,cf2bdd88-4b04-47f6-a876-322f734a6af2,Found < > tag Bug 1235997:Support Request: MD conversion issue: not escaped tags causing missing content line:<h3 class="subHeading">Что такое URL-адрес в элементе &lt;StartPage&gt;?</h3> in md file:cf2bdd88-4b04-47f6-a876-322f734a6af2.md total found:0
Warning,cf2bdd88-4b04-47f6-a876-322f734a6af2,Missing tables headers in file:cf2bdd88-4b04-47f6-a876-322f734a6af2.md
Warning,cf2bdd88-4b04-47f6-a876-322f734a6af2,Fixing missing end table tag in file:cf2bdd88-4b04-47f6-a876-322f734a6af2.md
Warning,cf2bdd88-4b04-47f6-a876-322f734a6af2,Found invalid tables saving file:cf2bdd88-4b04-47f6-a876-322f734a6af2.md
Warning,d22b120d-4641-4233-b5e7-f1c95d3d680f,Found a an ul list inside a table in html file:d22b120d-4641-4233-b5e7-f1c95d3d680f.xml
Warning,d22b120d-4641-4233-b5e7-f1c95d3d680f,Missing tables headers in file:d22b120d-4641-4233-b5e7-f1c95d3d680f.md
Warning,d22b120d-4641-4233-b5e7-f1c95d3d680f,Fixing missing end table tag in file:d22b120d-4641-4233-b5e7-f1c95d3d680f.md
Warning,d22b120d-4641-4233-b5e7-f1c95d3d680f,Found invalid tables saving file:d22b120d-4641-4233-b5e7-f1c95d3d680f.md
Warning,d4b5c277-ed50-420c-8a9b-860342284b72,Found a an ul list inside a table in html file:d4b5c277-ed50-420c-8a9b-860342284b72.xml
Warning,d4b5c277-ed50-420c-8a9b-860342284b72,Fixing missing end table tag in file:d4b5c277-ed50-420c-8a9b-860342284b72.md
Warning,d4b5c277-ed50-420c-8a9b-860342284b72,Found invalid tables saving file:d4b5c277-ed50-420c-8a9b-860342284b72.md
Warning,d5679867-083f-46c8-a2bd-00a43f042c24,Found a an ol list inside a table in html file:d5679867-083f-46c8-a2bd-00a43f042c24.xml
Warning,d60f409a-b292-4c06-8128-88629091b753,Video is found in md file:d60f409a-b292-4c06-8128-88629091b753.md total found:1
Warning,d97ab62e-129f-43f4-a825-fb5c3229d7c7,Found invalid msdn links in md file:d97ab62e-129f-43f4-a825-fb5c3229d7c7.md
Warning,d97ab62e-129f-43f4-a825-fb5c3229d7c7,Found < > tag Bug 1235997:Support Request: MD conversion issue: not escaped tags causing missing content line:<a href="http://msdn2.microsoft.com/RU-RU/library/6sh2ey19" target="_blank">List&lt;T&gt;</a> in md file:d97ab62e-129f-43f4-a825-fb5c3229d7c7.md total found:0
Warning,d97ab62e-129f-43f4-a825-fb5c3229d7c7,Found < > tag Bug 1235997:Support Request: MD conversion issue: not escaped tags causing missing content line:<a href="http://msdn2.microsoft.com/RU-RU/library/bb348465" target="_blank">Elements&lt;T&gt;</a> in md file:d97ab62e-129f-43f4-a825-fb5c3229d7c7.md total found:0
Warning,d97ab62e-129f-43f4-a825-fb5c3229d7c7,Found < > tag Bug 1235997:Support Request: MD conversion issue: not escaped tags causing missing content line:<a href="http://msdn2.microsoft.com/RU-RU/library/9eekhta0" target="_blank">IEnumerable&lt;T&gt;</a> in md file:d97ab62e-129f-43f4-a825-fb5c3229d7c7.md total found:0
Warning,dd525e64-2472-4bc7-91be-86950f638ce4,Found a an ul list inside a table in html file:dd525e64-2472-4bc7-91be-86950f638ce4.xml
Warning,e79ee2e7-0a80-4858-a311-c4f1f8d72a56,Missing tables headers in file:e79ee2e7-0a80-4858-a311-c4f1f8d72a56.md
Warning,e79ee2e7-0a80-4858-a311-c4f1f8d72a56,Fixing missing end table tag in file:e79ee2e7-0a80-4858-a311-c4f1f8d72a56.md
Warning,e79ee2e7-0a80-4858-a311-c4f1f8d72a56,Found invalid tables saving file:e79ee2e7-0a80-4858-a311-c4f1f8d72a56.md
Warning,e89e91c7-ea39-49b9-af5a-7f047a7e2ab7,Missing tables headers in file:e89e91c7-ea39-49b9-af5a-7f047a7e2ab7.md
Warning,e89e91c7-ea39-49b9-af5a-7f047a7e2ab7,Fixing missing end table tag in file:e89e91c7-ea39-49b9-af5a-7f047a7e2ab7.md
Warning,e89e91c7-ea39-49b9-af5a-7f047a7e2ab7,Fixing missing end table tag in file:e89e91c7-ea39-49b9-af5a-7f047a7e2ab7.md
Warning,e89e91c7-ea39-49b9-af5a-7f047a7e2ab7,Found invalid tables saving file:e89e91c7-ea39-49b9-af5a-7f047a7e2ab7.md
Warning,f1b9c858-907c-4558-b671-3b488ece40a0,Found nested table in md file:f1b9c858-907c-4558-b671-3b488ece40a0.md
Warning,f1b9c858-907c-4558-b671-3b488ece40a0,Fixing missing end table tag in file:f1b9c858-907c-4558-b671-3b488ece40a0.md
Warning,f1b9c858-907c-4558-b671-3b488ece40a0,Found invalid tables saving file:f1b9c858-907c-4558-b671-3b488ece40a0.md
Warning,f40c910f-12a2-4caa-8e91-c7a61ae540db,Found invalid msdn links in md file:f40c910f-12a2-4caa-8e91-c7a61ae540db.md
Warning,f77d528d-8b6d-4e2e-983c-3f3957983e9f,Found a an ol list inside a table in html file:f77d528d-8b6d-4e2e-983c-3f3957983e9f.xml
Warning,fa4154ea-de8c-4f62-8a1b-8c70072eddce,Found invalid msdn links in md file:fa4154ea-de8c-4f62-8a1b-8c70072eddce.md
Warning,fddbb75f-9f6c-46d3-8d95-1d4a5e791dfa,Found invalid msdn links in md file:fddbb75f-9f6c-46d3-8d95-1d4a5e791dfa.md
Warning,fddbb75f-9f6c-46d3-8d95-1d4a5e791dfa,Found < > tag Bug 1235997:Support Request: MD conversion issue: not escaped tags causing missing content line:<a href="http://msdn.microsoft.com/library/0f418ceb-8064-46c1-a149-ba1eae3d9fc7(Office.15).aspx#bk_Field" target="_blank">…/_api/web/fields('&lt;field id&gt;')</a> in md file:fddbb75f-9f6c-46d3-8d95-1d4a5e791dfa.md total found:0
Warning,fddbb75f-9f6c-46d3-8d95-1d4a5e791dfa,Found < > tag Bug 1235997:Support Request: MD conversion issue: not escaped tags causing missing content line:<a href="http://msdn.microsoft.com/library/0f418ceb-8064-46c1-a149-ba1eae3d9fc7(Office.15).aspx#bk_FieldCalculated" target="_blank">…/_api/web/fields('&lt;field id&gt;')</a> in md file:fddbb75f-9f6c-46d3-8d95-1d4a5e791dfa.md total found:0
Warning,fddbb75f-9f6c-46d3-8d95-1d4a5e791dfa,Found < > tag Bug 1235997:Support Request: MD conversion issue: not escaped tags causing missing content line:<a href="http://msdn.microsoft.com/library/0f418ceb-8064-46c1-a149-ba1eae3d9fc7(Office.15).aspx#bk_FieldMultiChoice" target="_blank">…/_api/web/fields('&lt;field id&gt;')</a> in md file:fddbb75f-9f6c-46d3-8d95-1d4a5e791dfa.md total found:0
Warning,fddbb75f-9f6c-46d3-8d95-1d4a5e791dfa,Found < > tag Bug 1235997:Support Request: MD conversion issue: not escaped tags causing missing content line:<a href="http://msdn.microsoft.com/library/0f418ceb-8064-46c1-a149-ba1eae3d9fc7(Office.15).aspx#bk_FieldComputed" target="_blank">…/_api/web/fields('&lt;field id&gt;')</a> in md file:fddbb75f-9f6c-46d3-8d95-1d4a5e791dfa.md total found:0
Warning,fddbb75f-9f6c-46d3-8d95-1d4a5e791dfa,Found < > tag Bug 1235997:Support Request: MD conversion issue: not escaped tags causing missing content line:<a href="http://msdn.microsoft.com/library/0f418ceb-8064-46c1-a149-ba1eae3d9fc7(Office.15).aspx#bk_FieldNumber" target="_blank">…/_api/web/fields('&lt;field id&gt;')</a> in md file:fddbb75f-9f6c-46d3-8d95-1d4a5e791dfa.md total found:0
Warning,fddbb75f-9f6c-46d3-8d95-1d4a5e791dfa,Found < > tag Bug 1235997:Support Request: MD conversion issue: not escaped tags causing missing content line:<a href="http://msdn.microsoft.com/library/0f418ceb-8064-46c1-a149-ba1eae3d9fc7(Office.15).aspx#bk_FieldMultiChoice" target="_blank">…/_api/web/fields('&lt;field id&gt;')</a> in md file:fddbb75f-9f6c-46d3-8d95-1d4a5e791dfa.md total found:0
Warning,fddbb75f-9f6c-46d3-8d95-1d4a5e791dfa,Found < > tag Bug 1235997:Support Request: MD conversion issue: not escaped tags causing missing content line:<a href="http://msdn.microsoft.com/library/0f418ceb-8064-46c1-a149-ba1eae3d9fc7(Office.15).aspx#bk_FieldMultiLineText" target="_blank">…/_api/web/fields('&lt;field id&gt;')</a> in md file:fddbb75f-9f6c-46d3-8d95-1d4a5e791dfa.md total found:0
Warning,fddbb75f-9f6c-46d3-8d95-1d4a5e791dfa,Found < > tag Bug 1235997:Support Request: MD conversion issue: not escaped tags causing missing content line:<a href="http://msdn.microsoft.com/library/0f418ceb-8064-46c1-a149-ba1eae3d9fc7(Office.15).aspx#bk_FieldNumber" target="_blank">…/_api/web/fields('&lt;field id&gt;')</a> in md file:fddbb75f-9f6c-46d3-8d95-1d4a5e791dfa.md total found:0
Warning,fddbb75f-9f6c-46d3-8d95-1d4a5e791dfa,Found < > tag Bug 1235997:Support Request: MD conversion issue: not escaped tags causing missing content line:<a href="http://msdn.microsoft.com/library/0f418ceb-8064-46c1-a149-ba1eae3d9fc7(Office.15).aspx#bk_FieldText" target="_blank">…/_api/web/fields('&lt;field id&gt;')</a> in md file:fddbb75f-9f6c-46d3-8d95-1d4a5e791dfa.md total found:0
Warning,fddbb75f-9f6c-46d3-8d95-1d4a5e791dfa,Found < > tag Bug 1235997:Support Request: MD conversion issue: not escaped tags causing missing content line:<a href="http://msdn.microsoft.com/library/0f418ceb-8064-46c1-a149-ba1eae3d9fc7(Office.15).aspx#bk_FieldUrl" target="_blank">…/_api/web/fields('&lt;field id&gt;')</a> in md file:fddbb75f-9f6c-46d3-8d95-1d4a5e791dfa.md total found:0
Warning,fddbb75f-9f6c-46d3-8d95-1d4a5e791dfa,Found < > tag Bug 1235997:Support Request: MD conversion issue: not escaped tags causing missing content line:<a href="http://msdn.microsoft.com/library/0f418ceb-8064-46c1-a149-ba1eae3d9fc7(Office.15).aspx#bk_FieldLookup" target="_blank">…/_api/web/fields('&lt;field id&gt;')</a> in md file:fddbb75f-9f6c-46d3-8d95-1d4a5e791dfa.md total found:0
Warning,fddbb75f-9f6c-46d3-8d95-1d4a5e791dfa,Found < > tag Bug 1235997:Support Request: MD conversion issue: not escaped tags causing missing content line:<a href="2c3d2545-1cd7-497e-b535-12199d8edfbb.htm#bk_File">…/_api/web/getfilebyserverrelativeurl('/&lt;folder name&gt;/&lt;file name&gt;')</a> in md file:fddbb75f-9f6c-46d3-8d95-1d4a5e791dfa.md total found:0
Warning,fddbb75f-9f6c-46d3-8d95-1d4a5e791dfa,Found < > tag Bug 1235997:Support Request: MD conversion issue: not escaped tags causing missing content line:<a href="2c3d2545-1cd7-497e-b535-12199d8edfbb.htm#bk_FileCollection">…/_api/web/getfolderbyserverrelativeurl('/&lt;folder name&gt;')/files</a> in md file:fddbb75f-9f6c-46d3-8d95-1d4a5e791dfa.md total found:0
Warning,fddbb75f-9f6c-46d3-8d95-1d4a5e791dfa,Found < > tag Bug 1235997:Support Request: MD conversion issue: not escaped tags causing missing content line:<a href="2c3d2545-1cd7-497e-b535-12199d8edfbb.htm#bk_Folder">…/_api/web/getfolderbyserverrelativeurl('/&lt;folder name&gt;')</a> in md file:fddbb75f-9f6c-46d3-8d95-1d4a5e791dfa.md total found:0
Warning,fddbb75f-9f6c-46d3-8d95-1d4a5e791dfa,Found < > tag Bug 1235997:Support Request: MD conversion issue: not escaped tags causing missing content line:<a href="c5e49290-78d4-4167-b4de-da32376bbf90.htm#bk_Group">…/_api/web/sitegroups(&lt;group id&gt;)</a> in md file:fddbb75f-9f6c-46d3-8d95-1d4a5e791dfa.md total found:0
Warning,fddbb75f-9f6c-46d3-8d95-1d4a5e791dfa,Found < > tag Bug 1235997:Support Request: MD conversion issue: not escaped tags causing missing content line:<a href="a1ddb750-e4e2-40a8-90a9-d62c576648dd.htm#bk_List">…/_api/web/lists(guid'&lt;list id&gt;')</a> in md file:fddbb75f-9f6c-46d3-8d95-1d4a5e791dfa.md total found:0
Warning,fddbb75f-9f6c-46d3-8d95-1d4a5e791dfa,Found < > tag Bug 1235997:Support Request: MD conversion issue: not escaped tags causing missing content line:<a href="a1ddb750-e4e2-40a8-90a9-d62c576648dd.htm#bk_ListItem">…/_api/web/lists(guid'&lt;list id&gt;')/items(&lt;item id&gt;)</a> in md file:fddbb75f-9f6c-46d3-8d95-1d4a5e791dfa.md total found:0
Warning,fddbb75f-9f6c-46d3-8d95-1d4a5e791dfa,Found < > tag Bug 1235997:Support Request: MD conversion issue: not escaped tags causing missing content line:<a href="a1ddb750-e4e2-40a8-90a9-d62c576648dd.htm#bk_ListItemCollection">…/_api/web/lists(guid'&lt;list id&gt;')/items</a> in md file:fddbb75f-9f6c-46d3-8d95-1d4a5e791dfa.md total found:0
Warning,fddbb75f-9f6c-46d3-8d95-1d4a5e791dfa,Found < > tag Bug 1235997:Support Request: MD conversion issue: not escaped tags causing missing content line:<a href="c5e49290-78d4-4167-b4de-da32376bbf90.htm#bk_RoleAssignment">…/_api/web/roleassignments(&lt;principal id&gt;)</a> in md file:fddbb75f-9f6c-46d3-8d95-1d4a5e791dfa.md total found:0
Warning,fddbb75f-9f6c-46d3-8d95-1d4a5e791dfa,Found < > tag Bug 1235997:Support Request: MD conversion issue: not escaped tags causing missing content line:<a href="c5e49290-78d4-4167-b4de-da32376bbf90.htm#bk_RoleDefinition">…/_api/web/roledefinitions(&lt;role definition id&gt;)</a> in md file:fddbb75f-9f6c-46d3-8d95-1d4a5e791dfa.md total found:0
Warning,fddbb75f-9f6c-46d3-8d95-1d4a5e791dfa,Found < > tag Bug 1235997:Support Request: MD conversion issue: not escaped tags causing missing content line:<a href="c5e49290-78d4-4167-b4de-da32376bbf90.htm#bk_User">…/_api/web/siteusers(@v)?@v='&lt;login name&gt;'</a> in md file:fddbb75f-9f6c-46d3-8d95-1d4a5e791dfa.md total found:0
Warning,fddbb75f-9f6c-46d3-8d95-1d4a5e791dfa,Found < > tag Bug 1235997:Support Request: MD conversion issue: not escaped tags causing missing content line:<a href="c5e49290-78d4-4167-b4de-da32376bbf90.htm#bk_UserCollection">…/_api/web/sitegroups(&lt;group id&gt;)/users</a> in md file:fddbb75f-9f6c-46d3-8d95-1d4a5e791dfa.md total found:0
Warning,fddbb75f-9f6c-46d3-8d95-1d4a5e791dfa,Found < > tag Bug 1235997:Support Request: MD conversion issue: not escaped tags causing missing content line:<a href="a1ddb750-e4e2-40a8-90a9-d62c576648dd.htm#bk_View">…/_api/web/lists(guid'&lt;list id&gt;')/views('&lt;view id&gt;')</a> in md file:fddbb75f-9f6c-46d3-8d95-1d4a5e791dfa.md total found:0
Warning,fddbb75f-9f6c-46d3-8d95-1d4a5e791dfa,Found < > tag Bug 1235997:Support Request: MD conversion issue: not escaped tags causing missing content line:<a href="a1ddb750-e4e2-40a8-90a9-d62c576648dd.htm#bk_ViewCollection">…/_api/web/lists(guid'&lt;list id&gt;')/views</a> in md file:fddbb75f-9f6c-46d3-8d95-1d4a5e791dfa.md total found:0
Warning,fddbb75f-9f6c-46d3-8d95-1d4a5e791dfa,Found < > tag Bug 1235997:Support Request: MD conversion issue: not escaped tags causing missing content line:<a href="a1ddb750-e4e2-40a8-90a9-d62c576648dd.htm#bk_ViewFieldCollection">…/_api/web/lists(guid'&lt;list id&gt;')/views('&lt;view id&gt;')/fields</a> in md file:fddbb75f-9f6c-46d3-8d95-1d4a5e791dfa.md total found:0
Warning,fddbb75f-9f6c-46d3-8d95-1d4a5e791dfa,Missing tables headers in file:fddbb75f-9f6c-46d3-8d95-1d4a5e791dfa.md


Warning,3b47c97b-9e09-47b2-a65f-29b0f44e34bf,Topic title:create-a-basic-sharepoint-hosted-add-in-by-using-napa-office-365-development-tools bigger then max length:80 new topic titile name:create-a-basic-sharepoint-hosted-add-in-by-using-napa-office-365-development-too
Warning,383f265f-ed44-4d09-b2f6-366f13d52347,Topic title:use-the-client-side-people-picker-control-in-sharepoint-hosted-sharepoint-add-ins bigger then max length:80 new topic titile name:use-the-client-side-people-picker-control-in-sharepoint-hosted-sharepoint-add-in
Warning,bfa367bb-d2f5-4e3f-bf48-61b77f150f7d,Topic title:highlight-content-and-enhance-the-functionality-of-sharepoint-hosted-sharepoint-add-ins-with-the-callout-control bigger then max length:80 new topic titile name:highlight-content-and-enhance-the-functionality-of-sharepoint-hosted-sharepoint-
Warning,6c27681b-8667-48b2-b5b4-d460b4e1d2db,Topic title:create-a-sharepoint-add-in-that-contains-a-document-template-and-a-task-pane-add-in bigger then max length:80 new topic titile name:create-a-sharepoint-add-in-that-contains-a-document-template-and-a-task-pane-add
Warning,d97ab62e-129f-43f4-a825-fb5c3229d7c7,Topic title:create-a-provider-hosted-add-in-that-includes-a-custom-sharepoint-list-and-content-type bigger then max length:80 new topic titile name:create-a-provider-hosted-add-in-that-includes-a-custom-sharepoint-list-and-conte
Warning,6091c7e8-2301-48cb-9400-a882b80f6309,Topic title:create-provider-hosted-sharepoint-add-ins-to-access-sap-data-by-using-the-sap-gateway-for-microsoft bigger then max length:80 new topic titile name:create-provider-hosted-sharepoint-add-ins-to-access-sap-data-by-using-the-sap-ga
Warning,ae96572b-8f06-4fd3-854f-fc312f7f2d88,Topic title:important-aspects-of-the-sharepoint-add-in-architecture-and-development-landscape bigger then max length:80 new topic titile name:important-aspects-of-the-sharepoint-add-in-architecture-and-development-landscap
Warning,2f65ba3f-b246-4064-b4fb-ad18399d387a,Topic title:use-an-office-365-sharepoint-site-to-authorize-provider-hosted-add-ins-on-an-on-premises-sharepoint-site bigger then max length:80 new topic titile name:use-an-office-365-sharepoint-site-to-authorize-provider-hosted-add-ins-on-an-on-
Warning,3d24f916-60b2-4ea9-b182-82e33cad06e8,Topic title:work-with-the-cross-domain-library-across-different-internet-explorer-security-zones-in-sharepoint-add-ins bigger then max length:80 new topic titile name:work-with-the-cross-domain-library-across-different-internet-explorer-security-z
Waring: Could not get friendly name for database:DDCMS_AWSUA_O15DEVDOC using root:c:\dsbs\Builds\o15devdoc\1049\Content\mod_sp15_appscope\output\markdown\GITHUB\ topic id:0152c354-0556-4c53-b1df-7e3aa3d673ef for project name:mod_sp15_appscope
Waring: Could not get friendly name for database:DDCMS_AWSUA_O15DEVDOC using root:c:\dsbs\Builds\o15devdoc\1049\Content\mod_sp15_appscope\output\markdown\GITHUB\ topic id:02128c70-9d27-4388-9374-a11bce68fdb8 for project name:mod_sp15_appscope
Waring: Could not get friendly name for database:DDCMS_AWSUA_O15DEVDOC using root:c:\dsbs\Builds\o15devdoc\1049\Content\mod_sp15_appscope\output\markdown\GITHUB\ topic id:0572894d-c437-4b7d-8ac6-8405496e2145 for project name:mod_sp15_appscope
Waring: Could not get friendly name for database:DDCMS_AWSUA_O15DEVDOC using root:c:\dsbs\Builds\o15devdoc\1049\Content\mod_sp15_appscope\output\markdown\GITHUB\ topic id:06e5737d-7843-4c1e-9e3d-a7b3ba67c3f5 for project name:mod_sp15_appscope
Waring: Could not get friendly name for database:DDCMS_AWSUA_O15DEVDOC using root:c:\dsbs\Builds\o15devdoc\1049\Content\mod_sp15_appscope\output\markdown\GITHUB\ topic id:21c16324-9fde-4700-b0b8-97da93f1b499 for project name:mod_sp15_appscope
Waring: Could not get friendly name for database:DDCMS_AWSUA_O15DEVDOC using root:c:\dsbs\Builds\o15devdoc\1049\Content\mod_sp15_appscope\output\markdown\GITHUB\ topic id:26f2999e-db7f-4fe7-a00f-05b009b1927d for project name:mod_sp15_appscope
Waring: Could not get friendly name for database:DDCMS_AWSUA_O15DEVDOC using root:c:\dsbs\Builds\o15devdoc\1049\Content\mod_sp15_appscope\output\markdown\GITHUB\ topic id:2c3d2545-1cd7-497e-b535-12199d8edfbb for project name:mod_sp15_appscope
Waring: Could not get friendly name for database:DDCMS_AWSUA_O15DEVDOC using root:c:\dsbs\Builds\o15devdoc\1049\Content\mod_sp15_appscope\output\markdown\GITHUB\ topic id:2ca7af9f-cb43-4a7e-80d4-008d7b97f41e for project name:mod_sp15_appscope
Waring: Could not get friendly name for database:DDCMS_AWSUA_O15DEVDOC using root:c:\dsbs\Builds\o15devdoc\1049\Content\mod_sp15_appscope\output\markdown\GITHUB\ topic id:346f56cd-2523-4407-bf41-887e40aee1c3 for project name:mod_sp15_appscope
Waring: Could not get friendly name for database:DDCMS_AWSUA_O15DEVDOC using root:c:\dsbs\Builds\o15devdoc\1049\Content\mod_sp15_appscope\output\markdown\GITHUB\ topic id:367aced3-431d-4a2c-8ac1-44e95017b865 for project name:mod_sp15_appscope
Waring: Could not get friendly name for database:DDCMS_AWSUA_O15DEVDOC using root:c:\dsbs\Builds\o15devdoc\1049\Content\mod_sp15_appscope\output\markdown\GITHUB\ topic id:491d0acc-7662-45b0-80af-45cbc63af79f for project name:mod_sp15_appscope
Waring: Could not get friendly name for database:DDCMS_AWSUA_O15DEVDOC using root:c:\dsbs\Builds\o15devdoc\1049\Content\mod_sp15_appscope\output\markdown\GITHUB\ topic id:579422ed-cb7c-4a53-85e8-cc2e68d2fd44 for project name:mod_sp15_appscope
Waring: Could not get friendly name for database:DDCMS_AWSUA_O15DEVDOC using root:c:\dsbs\Builds\o15devdoc\1049\Content\mod_sp15_appscope\output\markdown\GITHUB\ topic id:580c0fee-e348-4ae0-b6ef-009aef09b753 for project name:mod_sp15_appscope
Waring: Could not get friendly name for database:DDCMS_AWSUA_O15DEVDOC using root:c:\dsbs\Builds\o15devdoc\1049\Content\mod_sp15_appscope\output\markdown\GITHUB\ topic id:5abfda20-118b-42bc-bc51-65f6ff6f7010 for project name:mod_sp15_appscope
Waring: Could not get friendly name for database:DDCMS_AWSUA_O15DEVDOC using root:c:\dsbs\Builds\o15devdoc\1049\Content\mod_sp15_appscope\output\markdown\GITHUB\ topic id:6cefbe6a-f8ba-4a9c-addd-419fc4f9e550 for project name:mod_sp15_appscope
Waring: Could not get friendly name for database:DDCMS_AWSUA_O15DEVDOC using root:c:\dsbs\Builds\o15devdoc\1049\Content\mod_sp15_appscope\output\markdown\GITHUB\ topic id:a1ddb750-e4e2-40a8-90a9-d62c576648dd for project name:mod_sp15_appscope
Waring: Could not get friendly name for database:DDCMS_AWSUA_O15DEVDOC using root:c:\dsbs\Builds\o15devdoc\1049\Content\mod_sp15_appscope\output\markdown\GITHUB\ topic id:aa212e36-8b5b-405b-a370-7c1e0b632b89 for project name:mod_sp15_appscope
Waring: Could not get friendly name for database:DDCMS_AWSUA_O15DEVDOC using root:c:\dsbs\Builds\o15devdoc\1049\Content\mod_sp15_appscope\output\markdown\GITHUB\ topic id:bf35d59c-9b84-42e5-877e-fa6881a7b6fc for project name:mod_sp15_appscope
Waring: Could not get friendly name for database:DDCMS_AWSUA_O15DEVDOC using root:c:\dsbs\Builds\o15devdoc\1049\Content\mod_sp15_appscope\output\markdown\GITHUB\ topic id:c1e39799-ca91-4869-bd45-d14f2b05e3bd for project name:mod_sp15_appscope
Waring: Could not get friendly name for database:DDCMS_AWSUA_O15DEVDOC using root:c:\dsbs\Builds\o15devdoc\1049\Content\mod_sp15_appscope\output\markdown\GITHUB\ topic id:c5e49290-78d4-4167-b4de-da32376bbf90 for project name:mod_sp15_appscope
Waring: Could not get friendly name for database:DDCMS_AWSUA_O15DEVDOC using root:c:\dsbs\Builds\o15devdoc\1049\Content\mod_sp15_appscope\output\markdown\GITHUB\ topic id:ca56ac7f-f7cf-4fab-b2b7-66abb814fac2 for project name:mod_sp15_appscope
Waring: Could not get friendly name for database:DDCMS_AWSUA_O15DEVDOC using root:c:\dsbs\Builds\o15devdoc\1049\Content\mod_sp15_appscope\output\markdown\GITHUB\ topic id:caaf9a09-2e6a-49e3-a8d6-aaf7f93a842a for project name:mod_sp15_appscope
Waring: Could not get friendly name for database:DDCMS_AWSUA_O15DEVDOC using root:c:\dsbs\Builds\o15devdoc\1049\Content\mod_sp15_appscope\output\markdown\GITHUB\ topic id:d124d2ea-f772-495c-941c-6507d6da2c17 for project name:mod_sp15_appscope
Waring: Could not get friendly name for database:DDCMS_AWSUA_O15DEVDOC using root:c:\dsbs\Builds\o15devdoc\1049\Content\mod_sp15_appscope\output\markdown\GITHUB\ topic id:d22b120d-4641-4233-b5e7-f1c95d3d680f for project name:mod_sp15_appscope
Waring: Could not get friendly name for database:DDCMS_AWSUA_O15DEVDOC using root:c:\dsbs\Builds\o15devdoc\1049\Content\mod_sp15_appscope\output\markdown\GITHUB\ topic id:e79ee2e7-0a80-4858-a311-c4f1f8d72a56 for project name:mod_sp15_appscope
